city,order_ id,order_date,store_ Code,basket_ size,delivery_ Fee,cost_per_order,distance_km (pick up to delivery),courier_wait_time (mins)
BCN,1,28-Jun-25,66944,11.5,2.1,3.9,1.7,3.8
BCN,2,28-Jun-25,74118,18.8,3.3,3.3,2.7,1.4
BCN,3,28-Jun-25,65231,18.4,2.1,3.4,1.6,3.4
MAD,4,28-Jun-25,205036,3.3,1.2,1.8,0.3,3.2
MAD,5,28-Jun-25,34310,15.7,1.5,2.4,0.6,2.8
MAD,6,28-Jun-25,46515,17,1.6,2.7,0.8,3.2
BCN,7,28-Jun-25,248266,19.5,2,3.3,1.5,3
MAD,8,28-Jun-25,74119,9.5,1.6,2.4,1,1.8
BCN,9,28-Jun-25,259875,18.3,1.8,3.2,1.3,3.3
MAD,10,28-Jun-25,105408,17.5,2.5,3.3,2.2,3.7
MAD,11,28-Jun-25,61499,10.7,2.3,4.1,2,2.2
BCN,12,28-Jun-25,264652,7.9,1.6,5.5,1,1.7
BCN,13,27-Jun-25,264652,14,2.1,3.7,1.5,2.1
BCN,14,27-Jun-25,65231,19.8,2,3.6,1.6,3.6
MAD,15,27-Jun-25,34310,17.1,1.3,2.6,0.5,3.6
MAD,16,27-Jun-25,74119,9.3,1.6,2.6,0.9,3.1
MAD,17,27-Jun-25,46515,18.4,1.6,2.8,0.9,3.7
BCN,18,27-Jun-25,259875,20.3,2,3.9,1.5,3.3
MAD,19,27-Jun-25,205036,8.8,1.2,3.2,0.4,3.3
MAD,20,27-Jun-25,105408,22.2,2.6,3.9,2.5,4.8
BCN,21,27-Jun-25,264651,16.2,1.4,3.1,0.7,3.3
BCN,22,27-Jun-25,66944,14.3,2.1,4,1.7,3.6
BCN,23,27-Jun-25,74118,11.4,2.4,3.6,2,4.3
MAD,24,27-Jun-25,61499,14.9,2.4,3.8,2.1,3.7
BCN,25,27-Jun-25,248266,20,1.7,3.7,1.2,4
MAD,26,26-Jun-25,105408,22,2.6,4,2.5,4.4
BCN,27,26-Jun-25,66944,10.4,2.2,4.7,1.9,2.1
BCN,28,26-Jun-25,264652,14,1.9,3.7,1.4,1.9
BCN,29,26-Jun-25,65231,20.4,2.2,3.9,1.8,3.8
BCN,30,26-Jun-25,259875,21,2.1,4.2,1.7,4.6
MAD,31,26-Jun-25,205036,20,4.5,6.3,4.6,5.8
MAD,32,26-Jun-25,34310,18.7,1.3,2.6,0.4,2.7
BCN,33,26-Jun-25,248266,17.5,2.1,3.9,1.5,3.8
MAD,34,26-Jun-25,46515,19.7,1.5,3.1,0.8,4.2
BCN,35,26-Jun-25,264651,14.8,1.1,2.5,0.6,4
MAD,36,26-Jun-25,74119,11.9,1.6,2.7,0.7,5.3
MAD,37,26-Jun-25,61499,12.8,2.2,3.5,1.9,5.4
MAD,38,25-Jun-25,34310,18.6,1.3,2.6,0.5,4.2
MAD,39,25-Jun-25,46515,19.6,1.5,3,0.8,4
BCN,40,25-Jun-25,264651,19.6,1.2,3,0.6,1.7
MAD,41,25-Jun-25,105408,20,2.5,3.6,2.3,5.8
BCN,42,25-Jun-25,264652,13.7,1.5,3.9,0.7,1.9
MAD,43,25-Jun-25,205036,8,1.4,3.9,0.5,2.8
BCN,44,25-Jun-25,65231,19.4,2,3.7,1.5,3.9
MAD,45,25-Jun-25,74119,9.3,1.8,3.3,1.1,4.9
BCN,46,25-Jun-25,66944,13.9,2.8,4.5,2.5,4.2
BCN,47,25-Jun-25,248266,17.6,1.7,3.6,1.1,3.5
BCN,48,25-Jun-25,259875,21.7,2,3.9,1.5,4.2
BCN,49,25-Jun-25,74118,13.8,1.6,3.1,0.7,3.3
MAD,50,25-Jun-25,61499,14.2,2.7,4.1,2.1,6.6
BCN,51,24-Jun-25,248266,18.5,1.9,3.7,1.5,3.7
MAD,52,24-Jun-25,34310,16.2,1.4,2.7,0.6,4.4
BCN,53,24-Jun-25,264652,6.9,1.6,3.5,1,2.9
MAD,54,24-Jun-25,46515,18.8,1.6,3,0.8,4.5
MAD,55,24-Jun-25,61499,12.7,1.9,3.1,1.4,3.9
BCN,56,24-Jun-25,259875,21.9,2,3.7,1.5,4.2
BCN,57,24-Jun-25,65231,19.2,2,3.7,1.5,4.1
BCN,58,24-Jun-25,74118,6.5,1.6,2.5,0.7,4.4
MAD,59,24-Jun-25,105408,18.7,2.6,3.6,2.4,5.6
BCN,60,24-Jun-25,66944,15.3,2.7,3.8,2.4,4.9
MAD,61,24-Jun-25,74119,19,2.1,3.1,1.8,3.1
BCN,62,24-Jun-25,264651,22.9,1.4,3.5,0.8,2.7
MAD,63,24-Jun-25,205036,10.5,1.8,3.2,1.5,6.8
BCN,64,23-Jun-25,259875,21.6,2,4,1.5,4.9
MAD,65,23-Jun-25,74119,7,1.6,2.6,0.9,0.1
MAD,66,23-Jun-25,205036,7.2,2.9,3.7,2.7,8.4
MAD,67,23-Jun-25,105408,18.2,2.4,3.5,2.1,5.2
MAD,68,23-Jun-25,46515,18,1.5,2.8,0.8,3.5
BCN,69,23-Jun-25,65231,18.6,2.1,3.9,1.6,5
BCN,70,23-Jun-25,74118,8.8,2.7,4.2,2.3,3.7
MAD,71,23-Jun-25,61499,14.6,2.2,3.6,1.9,4.6
BCN,72,23-Jun-25,264651,11,0.8,3.9,0.3,2.7
BCN,73,23-Jun-25,66944,11.4,2.6,5.2,2.3,4.8
BCN,74,23-Jun-25,248266,19.7,1.9,3.7,1.4,4.5
MAD,75,23-Jun-25,34310,15.4,1.3,2.7,0.5,3.7
BCN,76,23-Jun-25,264652,20.8,1.3,3.2,0.7,2.8
BCN,77,22-Jun-25,264652,23.7,0.8,2.7,0.2,3
MAD,78,22-Jun-25,105408,17.6,2.4,4.4,2.2,6.2
BCN,79,22-Jun-25,264651,16.3,1.2,2.6,0.4,2.9
BCN,80,22-Jun-25,74118,18.6,3.5,4.3,3.3,2.5
BCN,81,22-Jun-25,259875,18.1,1.9,3.6,1.4,4.8
MAD,82,22-Jun-25,34310,15.8,1.5,3.2,0.6,4.6
BCN,83,22-Jun-25,66944,14.1,2.3,3.9,1.8,4.1
BCN,84,22-Jun-25,65231,17.3,2.1,3.6,1.7,4.6
MAD,85,22-Jun-25,46515,19.4,1.5,3.4,0.7,3.9
BCN,86,22-Jun-25,248266,17.9,1.9,3.3,1.3,4.7
MAD,87,22-Jun-25,61499,12.8,2.7,4.1,2.5,6.9
MAD,88,22-Jun-25,74119,7.7,1.5,3,0.9,3.9
BCN,89,21-Jun-25,248266,17.9,2.1,3.5,1.5,4.1
BCN,90,21-Jun-25,259875,19.7,2,3.4,1.4,4.3
MAD,91,21-Jun-25,105408,17,2.3,3.4,2,5.2
BCN,92,21-Jun-25,66944,12.6,2.4,4.3,2,4.3
BCN,93,21-Jun-25,65231,18.5,2.1,3.5,1.6,5.1
MAD,94,21-Jun-25,34310,19.8,1.4,2.6,0.6,3.4
BCN,95,21-Jun-25,264652,33.6,0.8,3.4,0.3,6.3
MAD,96,21-Jun-25,61499,14,2.6,6,1.9,6.8
MAD,97,21-Jun-25,46515,19,1.5,2.8,0.8,4.1
BCN,98,21-Jun-25,74118,7.3,1.6,3.2,0.9,4.7
BCN,99,21-Jun-25,264651,13.6,0.8,2.8,0.2,1.6
BCN,100,20-Jun-25,248266,20.7,2.1,3.7,1.6,4.8
BCN,101,20-Jun-25,259875,21.2,2,4.2,1.6,4.1
MAD,102,20-Jun-25,61499,13.2,1.9,4.1,1.3,4.1
BCN,103,20-Jun-25,264651,16.3,1.5,3.1,0.9,1.4
MAD,104,20-Jun-25,46515,19.7,1.5,3.1,0.8,3.5
BCN,105,20-Jun-25,74118,12.5,2.5,3.8,2.1,8.5
MAD,106,20-Jun-25,34310,20.1,1.3,2.6,0.5,3.6
MAD,107,20-Jun-25,105408,21.9,2.3,4.2,2.1,5.2
BCN,108,20-Jun-25,65231,19.3,2,3.5,1.5,4.1
MAD,109,20-Jun-25,205036,8.9,2.1,3.4,1.8,4.4
BCN,110,20-Jun-25,264652,11,1.7,3.2,1,2.5
BCN,111,20-Jun-25,66944,13.2,2.6,4,2.1,1.5
MAD,112,20-Jun-25,74119,12,2.5,3.4,2.4,4.8
MAD,113,19-Jun-25,46515,20.1,1.5,3.2,0.8,3.4
BCN,114,19-Jun-25,259875,20.6,2,3.9,1.5,4.7
MAD,115,19-Jun-25,105408,21.3,2.6,3.9,2.5,5.2
BCN,116,19-Jun-25,65231,18.7,2.3,3.8,1.8,4.3
BCN,117,19-Jun-25,74118,11.3,3.2,4.9,3,2.7
BCN,118,19-Jun-25,248266,21,2.2,4.1,1.7,4.7
MAD,119,19-Jun-25,74119,13.5,1.6,2.5,0.8,2.8
BCN,120,19-Jun-25,66944,18.3,2.9,4.4,2.6,5.2
MAD,121,19-Jun-25,34310,20.1,1.5,2.9,0.6,3.8
BCN,122,19-Jun-25,264652,15.7,1.3,3.4,0.8,2.4
MAD,123,19-Jun-25,61499,17.1,2.6,4.2,2.5,1.6
MAD,124,18-Jun-25,205036,10.8,1.6,3.4,1.2,3.7
MAD,125,18-Jun-25,46515,17.9,1.6,3.1,0.9,3.8
BCN,126,18-Jun-25,66944,13.5,2.9,4.2,2.5,4.2
BCN,127,18-Jun-25,264652,8,1.2,4,0.6,2.7
BCN,128,18-Jun-25,65231,19.2,2.2,3.7,1.7,4.1
MAD,129,18-Jun-25,34310,17.7,1.4,2.5,0.6,4.5
BCN,130,18-Jun-25,264651,10.7,1.2,3.4,0.3,2.4
MAD,131,18-Jun-25,105408,18.9,2.5,3.7,2.3,5.5
BCN,132,18-Jun-25,259875,19.9,1.9,3.8,1.4,4.1
BCN,133,18-Jun-25,248266,19.6,2.2,3.8,1.7,4.2
MAD,134,18-Jun-25,61499,9.2,2.6,4.4,2,6.5
BCN,135,18-Jun-25,74118,9.4,2.9,5.8,2.7,5.9
MAD,136,17-Jun-25,34310,17.5,1.4,3.3,0.6,4.4
BCN,137,17-Jun-25,264652,10.4,1.2,3.8,0.4,2
BCN,138,17-Jun-25,65231,19.9,1.9,3.5,1.4,4.2
MAD,139,17-Jun-25,205036,8.3,1.2,2.4,0.7,3
BCN,140,17-Jun-25,264651,17.3,0.8,2.4,0.1,1.9
MAD,141,17-Jun-25,61499,10.7,1.9,4.1,1.2,4.5
MAD,142,17-Jun-25,105408,18.5,2.1,4.2,1.6,5.2
BCN,143,17-Jun-25,248266,22.3,2.1,3.5,1.7,4.8
BCN,144,17-Jun-25,259875,18.3,2.1,3.5,1.6,5.2
BCN,145,17-Jun-25,74118,10.5,1.2,2.8,0.3,3.1
MAD,146,17-Jun-25,74119,9.5,2.2,4.1,2,9.7
BCN,147,17-Jun-25,66944,14.4,2.8,4.2,2.4,4.7
MAD,148,17-Jun-25,46515,16.9,1.4,3.4,0.7,4.2
MAD,149,16-Jun-25,205036,8.5,1.9,3,1.7,6.9
MAD,150,16-Jun-25,105408,18.2,2.6,3.9,2.5,5.7
MAD,151,16-Jun-25,46515,17.2,1.6,3.1,0.8,4.7
MAD,152,16-Jun-25,34310,19.3,1.5,2.7,0.6,4.4
MAD,153,16-Jun-25,74119,6.8,1.8,3.1,1.3,3.4
BCN,154,16-Jun-25,264651,8.4,0.8,3,0.3,2.7
BCN,155,16-Jun-25,66944,14.1,2.6,3.9,2.2,4.5
BCN,156,16-Jun-25,264652,13.1,1.2,3,0.7,2.9
BCN,157,16-Jun-25,248266,19.8,2.1,3.5,1.6,4
BCN,158,16-Jun-25,259875,18.7,2,3.8,1.5,4.2
BCN,159,16-Jun-25,74118,0,0,0,0,0
BCN,160,16-Jun-25,65231,18.3,1.9,3.4,1.4,4.4
MAD,161,16-Jun-25,61499,23.5,3.7,6.8,3.9,0.3
MAD,162,15-Jun-25,46515,17.4,1.6,2.8,0.8,4.5
MAD,163,15-Jun-25,205036,9.1,3.7,7.4,4.5,2.6
BCN,164,15-Jun-25,65231,16.8,2.1,3.4,1.6,4.7
BCN,165,15-Jun-25,74118,9.4,2.9,4.6,2.7,4.3
MAD,166,15-Jun-25,61499,13.2,2.2,4,1.7,4.8
MAD,167,15-Jun-25,105408,19.4,2.3,3.4,2,5.4
MAD,168,15-Jun-25,74119,12.5,2.5,3.1,2,1.8
MAD,169,15-Jun-25,34310,17.1,1.5,2.5,0.7,4.4
BCN,170,15-Jun-25,248266,17.6,1.8,3.5,1.3,4.6
BCN,171,15-Jun-25,264652,9.8,1.3,3.5,0.8,3.3
BCN,172,15-Jun-25,264651,14.8,1,3.3,0.3,2.4
BCN,173,15-Jun-25,259875,18.9,1.9,3.4,1.3,4.3
BCN,174,15-Jun-25,66944,13.9,2.8,4.6,2.5,5.4
MAD,175,14-Jun-25,74119,10.8,2.1,3.1,1.6,3.5
BCN,176,14-Jun-25,66944,15.4,2.8,4,2.5,4.7
BCN,177,14-Jun-25,259875,20.1,1.8,3.5,1.3,4.8
BCN,178,14-Jun-25,264652,16.5,1.6,3.4,0.9,3.1
MAD,179,14-Jun-25,205036,6.3,3.3,4.4,3.1,4.2
BCN,180,14-Jun-25,65231,17.3,2,3.3,1.4,4.3
MAD,181,14-Jun-25,61499,14.3,2,3.2,1.1,3.9
MAD,182,14-Jun-25,105408,18.8,2.4,3.5,2.2,5.6
BCN,183,14-Jun-25,248266,18.5,2,3.6,1.6,4.4
BCN,184,14-Jun-25,74118,10.1,2.6,3.8,2.2,5.4
MAD,185,14-Jun-25,46515,17.5,1.6,2.7,0.9,4.5
MAD,186,14-Jun-25,34310,16.4,1.4,2.6,0.6,3.9
BCN,187,13-Jun-25,65231,19.3,2.1,3.6,1.6,4.6
BCN,188,13-Jun-25,66944,15.8,3.7,5.3,4,5.2
MAD,189,13-Jun-25,105408,21.5,2.5,4.1,2.3,4.8
BCN,190,13-Jun-25,74118,9.3,2.4,3.8,1.8,4.4
MAD,191,13-Jun-25,205036,15,2.1,3.7,1.5,5.2
BCN,192,13-Jun-25,259875,19.3,2.2,4.2,1.7,4.1
MAD,193,13-Jun-25,61499,15.6,2.2,3.6,1.8,3.8
MAD,194,13-Jun-25,34310,20.9,1.4,2.8,0.6,3.4
MAD,195,13-Jun-25,74119,6.3,2.1,3.5,1.6,4.3
BCN,196,13-Jun-25,248266,19.9,2,3.7,1.5,4.6
BCN,197,13-Jun-25,264652,12.7,2.1,3.4,1.6,4.5
MAD,198,13-Jun-25,46515,19.6,1.5,3.8,0.8,4.4
BCN,199,12-Jun-25,66944,12.7,2.7,4.2,2.5,5.4
BCN,200,12-Jun-25,259875,20.1,2.2,4.2,1.7,3.8
BCN,201,12-Jun-25,65231,18.5,1.8,3.5,1.3,3.7
MAD,202,12-Jun-25,46515,19.1,1.6,3.3,0.9,3.9
BCN,203,12-Jun-25,248266,19.9,2,3.5,1.5,4.5
BCN,204,12-Jun-25,264652,14.9,1.9,3.4,1.3,1.9
MAD,205,12-Jun-25,34310,19.2,1.4,2.8,0.5,3.9
MAD,206,12-Jun-25,105408,24,2.8,4.6,2.7,5.2
MAD,207,12-Jun-25,74119,10.1,2.1,3,1.5,2.9
BCN,208,12-Jun-25,264651,27.7,2.1,5.2,1.4,3.7
MAD,209,12-Jun-25,61499,16.5,2.3,3.9,1.8,3.7
MAD,210,11-Jun-25,74119,6.3,1.5,2.6,0.8,3.5
BCN,211,11-Jun-25,259875,19.7,2,3.9,1.5,4.8
BCN,212,11-Jun-25,264652,13.5,2,3.4,1.3,4.1
BCN,213,11-Jun-25,74118,24,4.1,6,4,10.8
BCN,214,11-Jun-25,264651,18.5,1,2.7,0.5,3.4
MAD,215,11-Jun-25,205036,9.4,2.1,4.2,1.8,3.7
BCN,216,11-Jun-25,248266,19.6,2.1,3.9,1.6,4.9
BCN,217,11-Jun-25,66944,12.8,2.2,4,1.8,4.7
MAD,218,11-Jun-25,61499,13.8,2.3,4.4,1.9,6.2
BCN,219,11-Jun-25,65231,17.5,2,3.5,1.5,4.2
MAD,220,11-Jun-25,46515,18.8,1.6,3.2,0.8,3.8
MAD,221,11-Jun-25,105408,20.1,2.7,4,2.6,6.9
MAD,222,11-Jun-25,34310,16.7,1.4,2.5,0.5,3.7
BCN,223,10-Jun-25,264651,12.1,1.7,3.4,1.1,2.9
MAD,224,10-Jun-25,74119,18,1.9,2.6,1.2,3.4
BCN,225,10-Jun-25,259875,19.2,2.1,4,1.6,4.2
BCN,226,10-Jun-25,65231,17.4,2.1,3.6,1.6,4.1
MAD,227,10-Jun-25,105408,20,2.5,3.9,2.3,6.1
MAD,228,10-Jun-25,61499,13.6,2.7,5.2,2.5,6.8
MAD,229,10-Jun-25,46515,17,1.5,3,0.8,3.6
BCN,230,10-Jun-25,264652,17,1.7,3.2,1,3.9
BCN,231,10-Jun-25,74118,16.4,4.5,6.9,4.7,5.4
BCN,232,10-Jun-25,248266,19.1,2.1,3.9,1.6,4.6
MAD,233,10-Jun-25,34310,16.6,1.5,2.6,0.6,4.6
BCN,234,10-Jun-25,66944,11.8,1.9,3.6,1.5,3.8
MAD,235,10-Jun-25,205036,3.3,1.9,3.2,1.5,4.6
MAD,236,09-Jun-25,205036,8.5,3.6,6.2,4.2,6
BCN,237,09-Jun-25,65231,17.5,2,3.7,1.5,4
MAD,238,09-Jun-25,74119,8.5,2.6,3.6,2.3,2.9
BCN,239,09-Jun-25,66944,15.7,2.6,4,2.1,4.3
BCN,240,09-Jun-25,264652,7.1,2.1,3.9,1.5,3.6
BCN,241,09-Jun-25,259875,19.7,1.9,3.6,1.3,3.8
BCN,242,09-Jun-25,74118,8,3.7,4.7,3.3,1.3
MAD,243,09-Jun-25,61499,11.1,2.5,4.5,2.3,3.4
MAD,244,09-Jun-25,46515,17.5,1.5,2.8,0.7,3.5
MAD,245,09-Jun-25,105408,17.2,2.4,3.3,2,5.2
BCN,246,09-Jun-25,248266,17.8,2.1,3.9,1.6,3.8
MAD,247,09-Jun-25,34310,15.4,1.4,2.3,0.5,3.2
BCN,248,09-Jun-25,264651,13.9,1.1,2.6,0.2,2.5
BCN,249,08-Jun-25,74118,10.9,2.1,4.4,1.2,6.4
MAD,250,08-Jun-25,205036,10.5,2.3,4.2,2.2,5.7
BCN,251,08-Jun-25,264651,10.6,1.2,4.1,0.3,2.2
MAD,252,08-Jun-25,34310,17.2,1.4,2.3,0.6,5
MAD,253,08-Jun-25,105408,18.8,2.6,3.6,2.4,6.2
BCN,254,08-Jun-25,65231,17.1,2,3.4,1.5,4.6
MAD,255,08-Jun-25,46515,16.8,1.5,2.7,0.8,4.1
MAD,256,08-Jun-25,61499,13.6,2.5,4.2,2.3,4.6
BCN,257,08-Jun-25,259875,17.4,1.9,3.7,1.4,4.2
BCN,258,08-Jun-25,264652,9.9,1.9,3.7,1.3,3.2
MAD,259,08-Jun-25,74119,6.8,2.1,3.3,1.6,4
BCN,260,08-Jun-25,248266,17.3,2,3.8,1.5,4.5
BCN,261,08-Jun-25,66944,17.4,2.3,4.2,1.9,4.2
MAD,262,07-Jun-25,61499,11.4,2.9,6.3,2.7,5.2
MAD,263,07-Jun-25,105408,16.8,2.5,3.4,2.2,5.6
BCN,264,07-Jun-25,264652,11.6,1.8,3.8,1.6,1.8
BCN,265,07-Jun-25,264651,10.4,1.2,3.5,0.7,2.5
BCN,266,07-Jun-25,66944,10.9,2.8,4.3,2.7,5.1
MAD,267,07-Jun-25,74119,10.1,1.9,3,1.1,4
BCN,268,07-Jun-25,248266,19.3,2,3.7,1.4,4.1
BCN,269,07-Jun-25,259875,18.4,2,3.7,1.5,4.3
BCN,270,07-Jun-25,65231,17.7,1.9,3.5,1.4,4.5
MAD,271,07-Jun-25,46515,17.2,1.5,2.7,0.8,4
MAD,272,07-Jun-25,205036,6,2.5,3.7,1.8,2.9
MAD,273,07-Jun-25,34310,19.7,1.4,2.3,0.7,4.1
MAD,274,06-Jun-25,74119,9.4,2,3.3,1.5,5.6
BCN,275,06-Jun-25,264652,12.6,1.3,3,0.8,2.4
MAD,276,06-Jun-25,46515,20.8,1.4,2.9,0.7,4
MAD,277,06-Jun-25,61499,15.4,2.2,4.1,1.8,4
BCN,278,06-Jun-25,259875,19.9,2,4,1.5,4
MAD,279,06-Jun-25,34310,19.9,1.3,2.9,0.6,2.9
BCN,280,06-Jun-25,66944,17,1.9,3.7,1.4,3.8
BCN,281,06-Jun-25,248266,22.1,1.9,3.9,1.4,4.1
BCN,282,06-Jun-25,65231,19.9,1.8,3.5,1.2,3.6
MAD,283,06-Jun-25,105408,21.9,2.8,4.4,2.8,5.2
BCN,284,06-Jun-25,264651,10.6,1.6,3.4,1.1,3
MAD,285,06-Jun-25,205036,4,1.6,3.3,0.8,6.8
MAD,286,05-Jun-25,34310,19.6,1.2,3.2,0.5,4.3
BCN,287,05-Jun-25,248266,19.5,1.9,3.9,1.3,4.4
MAD,288,05-Jun-25,205036,8.8,3.1,7.8,2.8,6.7
BCN,289,05-Jun-25,264651,17.7,0.8,2.5,0.3,2.3
BCN,290,05-Jun-25,264652,13.7,1.9,3.1,1.3,2.1
BCN,291,05-Jun-25,66944,12.9,2.1,4,1.8,4.4
BCN,292,05-Jun-25,259875,22.7,1.8,4.1,1.4,3.7
BCN,293,05-Jun-25,65231,18.6,1.9,3.6,1.4,3.7
MAD,294,05-Jun-25,74119,6,1.8,3.4,1.3,5.4
BCN,295,05-Jun-25,74118,13.8,1.9,3.6,1.3,5
MAD,296,05-Jun-25,61499,14.2,2.6,4.3,2.2,5.9
MAD,297,05-Jun-25,105408,22.4,2.6,4.3,2.5,6.8
MAD,298,05-Jun-25,46515,21.8,1.6,3,0.9,4.2
BCN,299,04-Jun-25,248266,19.3,1.9,3.4,1.3,4.2
MAD,300,04-Jun-25,105408,19.6,2.6,3.4,2.4,5.9
BCN,301,04-Jun-25,65231,19.3,1.8,3.3,1.3,4.1
MAD,302,04-Jun-25,74119,7.5,1.6,3,1.2,4.4
MAD,303,04-Jun-25,34310,19.3,1.3,2.5,0.6,7.4
BCN,304,04-Jun-25,264652,9.9,1.9,3.2,1.2,3
MAD,305,04-Jun-25,205036,4,2.9,3.4,2.5,7.9
BCN,306,04-Jun-25,259875,19.1,2,3.7,1.5,4.3
BCN,307,04-Jun-25,66944,12,2.8,3.9,2.4,2.9
MAD,308,04-Jun-25,61499,8.3,2.8,3.6,2.2,1.7
BCN,309,04-Jun-25,264651,17,1.1,2.9,0.6,2.4
MAD,310,04-Jun-25,46515,19.4,1.6,2.9,0.9,4.2
MAD,311,03-Jun-25,46515,16.7,1.6,2.7,0.8,4
BCN,312,03-Jun-25,74118,4.5,2.5,8,1.7,5.1
MAD,313,03-Jun-25,74119,11.8,1.6,3.7,1,3.2
BCN,314,03-Jun-25,264651,14.5,1.6,3.6,1.1,2.8
BCN,315,03-Jun-25,259875,18.1,1.9,3.4,1.3,4.7
BCN,316,03-Jun-25,248266,18.4,2.1,3.7,1.6,4.1
MAD,317,03-Jun-25,105408,17.8,2.6,3.5,2.4,5.9
MAD,318,03-Jun-25,61499,8.7,2.2,4.1,1.7,5.2
MAD,319,03-Jun-25,34310,15.6,1.3,2.4,0.6,3.5
BCN,320,03-Jun-25,264652,11.7,1.1,3,0.5,4.2
MAD,321,03-Jun-25,205036,8,2.9,3.9,2.5,15.9
BCN,322,03-Jun-25,65231,18.4,2,3.8,1.4,4.5
BCN,323,03-Jun-25,66944,13.6,2.2,3.9,1.6,4.4
MAD,324,02-Jun-25,46515,17.7,1.5,2.6,0.8,3.7
MAD,325,02-Jun-25,34310,16.8,1.3,2.3,0.6,4.2
MAD,326,02-Jun-25,105408,18,2.7,3.4,2.5,5.5
MAD,327,02-Jun-25,205036,8.5,2.5,3.3,2.2,8.5
MAD,328,02-Jun-25,74119,8.8,1.6,2.9,1.1,6.5
BCN,329,02-Jun-25,66944,12.1,2.7,4.2,2.5,6.6
MAD,330,02-Jun-25,61499,10.4,2.9,3.9,2.7,5.2
BCN,331,02-Jun-25,259875,20.3,1.7,4.1,1.2,4.4
BCN,332,02-Jun-25,264651,14.3,1.1,2.9,0.6,2.5
BCN,333,02-Jun-25,248266,19.1,2,3.6,1.4,4.5
BCN,334,02-Jun-25,65231,18.7,2.2,4,1.6,4.8
BCN,335,02-Jun-25,264652,10.8,2.2,3.9,1.7,2.3
BCN,336,01-Jun-25,259875,19.6,1.8,3.6,1.2,4.5
MAD,337,01-Jun-25,46515,17.5,1.5,2.6,0.8,3.8
MAD,338,01-Jun-25,61499,9.1,2.3,4.3,1.9,4.3
BCN,339,01-Jun-25,264651,12.7,1.4,3.8,0.8,2.9
BCN,340,01-Jun-25,248266,19,1.8,3.5,1.2,4.1
MAD,341,01-Jun-25,205036,6.6,2.5,1.1,2,1
BCN,342,01-Jun-25,65231,19.4,2.2,3.9,1.6,4.3
MAD,343,01-Jun-25,105408,18,2.7,3.6,2.5,5.5
BCN,344,01-Jun-25,66944,9.2,1.4,3.4,0.8,3.4
MAD,345,01-Jun-25,74119,9.1,1.5,2.5,0.9,4.9
MAD,346,01-Jun-25,34310,17.1,1.3,2.4,0.6,3.7
BCN,347,01-Jun-25,264652,14.8,1.6,3.5,1.1,4.1
BCN,348,31-May-25,66944,12,1.8,3.3,1.3,2.9
MAD,349,31-May-25,46515,17,1.4,2.7,0.8,3.5
MAD,350,31-May-25,74119,10.8,1.9,3,1.4,5.7
BCN,351,31-May-25,248266,18.5,2,3.7,1.4,4.1
MAD,352,31-May-25,205036,10.4,1.6,2.8,1.2,3.3
BCN,353,31-May-25,264652,13.3,1.7,2.9,1,3.7
MAD,354,31-May-25,61499,12.4,2.6,3.9,2.2,4.7
BCN,355,31-May-25,74118,8,2.7,6.1,1.7,4.6
BCN,356,31-May-25,264651,13.2,2.5,4.2,1.9,2.9
MAD,357,31-May-25,34310,16,1.3,2.3,0.6,3.3
BCN,358,31-May-25,259875,18.6,1.8,3.6,1.2,3.7
MAD,359,31-May-25,105408,17.5,2.5,3.2,2.2,5.6
BCN,360,31-May-25,65231,18.6,1.9,3.7,1.4,4.1
BCN,361,30-May-25,74118,11.3,3,4.1,2.3,5.5
MAD,362,30-May-25,46515,19.2,1.5,2.9,0.9,3.5
MAD,363,30-May-25,34310,19.6,1.3,2.7,0.5,3.1
BCN,364,30-May-25,66944,12.8,2,3.4,1.4,4.4
BCN,365,30-May-25,264651,13.8,1,2.8,0.5,2.3
BCN,366,30-May-25,259875,20.8,1.9,3.8,1.4,3.9
MAD,367,30-May-25,105408,22.7,2.5,3.8,2.3,4.7
BCN,368,30-May-25,264652,13.4,1.9,3.4,1.4,3.6
MAD,369,30-May-25,205036,7.8,2.6,5.5,2.5,5.5
BCN,370,30-May-25,248266,18.9,1.5,3.3,1,3.4
BCN,371,30-May-25,65231,19,2.1,3.7,1.5,4.2
MAD,372,30-May-25,74119,6.2,1.2,2.9,0.7,3
MAD,373,30-May-25,61499,16.5,2.1,3.4,1.6,5.1
MAD,374,29-May-25,61499,9,2.3,3.5,2.2,7
BCN,375,29-May-25,264652,16.9,1.6,2.9,1,2.4
MAD,376,29-May-25,205036,13.5,4.5,5.4,5.1,7.7
BCN,377,29-May-25,65231,21.6,2,3.6,1.5,3.7
MAD,378,29-May-25,34310,26,1.3,2.7,0.6,4.2
MAD,379,29-May-25,105408,23.8,2.8,4.1,2.7,5
MAD,380,29-May-25,46515,19.9,1.5,3,0.8,4
BCN,381,29-May-25,259875,17.9,1.9,4,1.4,3.6
BCN,382,29-May-25,74118,7.5,2.1,3.6,1.4,6.6
MAD,383,29-May-25,74119,8.5,1.6,2.4,0.9,7.1
BCN,384,29-May-25,66944,13.6,2.5,4,2,5.6
BCN,385,29-May-25,248266,22.9,1.7,3.5,1.2,3.6
BCN,386,29-May-25,264651,12.2,1.5,3.5,1,3.3
BCN,387,28-May-25,259875,18.8,1.7,3.7,1.2,3.7
MAD,388,28-May-25,61499,13.7,1.8,3.7,1.3,2.9
BCN,389,28-May-25,66944,11.8,1.8,3.5,1.3,3.3
BCN,390,28-May-25,264652,15.8,2.9,3.6,2.1,1.4
MAD,391,28-May-25,46515,19.4,1.5,2.8,0.8,3.9
MAD,392,28-May-25,205036,10.5,4.5,5.7,4.9,11.8
BCN,393,28-May-25,74118,12.3,2.1,3.6,1.5,4.3
MAD,394,28-May-25,74119,7.3,2,2.8,1.4,5.1
BCN,395,28-May-25,65231,19,1.9,3.5,1.4,3.7
BCN,396,28-May-25,248266,21,2,3.4,1.4,4.1
MAD,397,28-May-25,105408,22.2,2.6,3.6,2.4,6.1
MAD,398,28-May-25,34310,18.1,1.3,2.5,0.5,4.9
BCN,399,27-May-25,66944,14.3,1.9,4.2,2.1,5.4
MAD,400,27-May-25,74119,12.5,1.5,2.6,0.9,3.8
MAD,401,27-May-25,205036,16.1,3.7,5.9,4,5.8
BCN,402,27-May-25,65231,17,2,3.7,1.4,3.9
BCN,403,27-May-25,259875,17.2,1.8,3.9,1.2,4.3
MAD,404,27-May-25,61499,11.8,2.6,4,2.2,3.9
MAD,405,27-May-25,46515,18.6,1.5,2.7,0.8,4.2
BCN,406,27-May-25,248266,17.4,1.8,3.7,1.2,3.5
MAD,407,27-May-25,34310,19.1,1.3,2.5,0.6,3.7
MAD,408,27-May-25,105408,19.4,2.5,3.5,2.4,6.2
BCN,409,27-May-25,264652,13.1,1.7,3.4,1.2,4.8
BCN,410,27-May-25,264651,9.4,2.1,5.1,1.4,5
MAD,411,26-May-25,61499,10.3,2.5,4.2,2.4,6.8
MAD,412,26-May-25,46515,17.7,1.5,2.7,0.8,3.6
BCN,413,26-May-25,66944,12.8,2.1,3.4,1.5,3
BCN,414,26-May-25,248266,19.1,1.8,3.4,1.3,3.7
BCN,415,26-May-25,259875,18.3,1.8,3.3,1.3,4.1
MAD,416,26-May-25,105408,17.6,2.5,3.5,2.4,5.5
MAD,417,26-May-25,34310,17.4,1.4,2.4,0.6,4.4
MAD,418,26-May-25,205036,9.4,0.8,3.6,0.1,2.2
BCN,419,26-May-25,264651,14.3,1.6,3.6,0.7,4.2
BCN,420,26-May-25,74118,10.8,3.7,4.6,3.2,2.2
BCN,421,26-May-25,65231,18.7,2,3.5,1.5,4.2
MAD,422,26-May-25,74119,9.6,1.8,3.4,1.4,5.4
BCN,423,25-May-25,66944,14.7,1.9,3.3,1.3,5.4
BCN,424,25-May-25,248266,19.1,2.1,3.7,1.5,3.9
BCN,425,25-May-25,65231,18.8,2.2,4,1.6,3.9
BCN,426,25-May-25,264651,11.8,2.9,4,2.3,4
MAD,427,25-May-25,74119,5,1.6,2.5,0.8,1.8
MAD,428,25-May-25,61499,13,2.8,4.8,2.8,2.5
BCN,429,25-May-25,74118,0,0,0,0,0
MAD,430,25-May-25,46515,16.7,1.4,2.7,0.7,3.7
BCN,431,25-May-25,259875,18.1,1.8,3.2,1.2,4.2
MAD,432,25-May-25,34310,18,1.3,2.4,0.6,4
MAD,433,25-May-25,105408,19.1,2.4,3.3,2.1,4.7
BCN,434,25-May-25,264652,13.1,1.6,3.2,1.1,4
MAD,435,24-May-25,205036,12,4.5,7.5,5.5,2.2
BCN,436,24-May-25,65231,21,2.1,3.7,1.6,3.8
BCN,437,24-May-25,248266,21.3,1.7,3.7,1.1,3.9
BCN,438,24-May-25,264651,11.9,1.8,4.3,1.2,2.9
BCN,439,24-May-25,74118,8,3.1,4.8,2.4,1.3
MAD,440,24-May-25,74119,9.9,2.2,2.9,1.8,2.5
BCN,441,24-May-25,66944,15,2,3.7,1.6,3.2
MAD,442,24-May-25,61499,13.2,2.9,4.8,2.8,4.9
MAD,443,24-May-25,34310,19.3,1.3,2.4,0.6,4
MAD,444,24-May-25,105408,17.6,2.5,3.3,2.2,6.4
MAD,445,24-May-25,46515,18.3,1.5,2.7,0.8,3.7
BCN,446,24-May-25,259875,20.3,1.9,3.6,1.3,3.5
BCN,447,24-May-25,264652,15,1.4,3.7,1,2.9
BCN,448,23-May-25,264652,15.2,1.6,3.2,1.1,3.6
MAD,449,23-May-25,34310,21.9,1.3,2.7,0.5,3.7
MAD,450,23-May-25,105408,22.9,2.4,3.4,2.1,4.8
BCN,451,23-May-25,264651,25.3,0.8,2.6,0.3,3.4
BCN,452,23-May-25,65231,20.2,2,3.7,1.4,3.9
BCN,453,23-May-25,66944,9.3,1.6,3.4,1,3.9
MAD,454,23-May-25,46515,17.7,1.4,2.9,0.7,4.6
BCN,455,23-May-25,259875,19.5,1.7,3.5,1.2,3.4
BCN,456,23-May-25,248266,20.2,1.7,3.4,1.1,4
MAD,457,23-May-25,74119,16.6,1.5,2.7,0.9,3.9
MAD,458,23-May-25,205036,11.2,1.6,3.2,0.9,4
MAD,459,23-May-25,61499,18.9,2.4,4.1,2,4.5
BCN,460,23-May-25,74118,14,1.2,3.8,0.3,3.8
MAD,461,22-May-25,34310,18.7,1.3,2.5,0.6,4.3
BCN,462,22-May-25,65231,19.3,2,4,1.5,3.6
BCN,463,22-May-25,264651,21,1.3,2.9,0.9,3.2
MAD,464,22-May-25,205036,15.8,3.1,4.4,3,8.6
BCN,465,22-May-25,74118,17.2,1.9,3.1,1.1,3
BCN,466,22-May-25,259875,20.6,2,3.9,1.5,3.4
BCN,467,22-May-25,248266,16.8,1.7,3.3,1.1,3.9
MAD,468,22-May-25,74119,11.7,1.5,3.3,0.9,3.1
MAD,469,22-May-25,46515,18.5,1.5,3.1,0.9,4.4
BCN,470,22-May-25,66944,13.3,1.3,3.2,0.9,2.2
MAD,471,22-May-25,105408,23.7,2.8,4,2.7,5.2
BCN,472,22-May-25,264652,7.9,2.1,3.6,1.5,4.2
MAD,473,22-May-25,61499,14,2.5,4.3,2.1,7.5
MAD,474,21-May-25,105408,21.6,0.9,3.7,2.6,5.3
BCN,475,21-May-25,248266,21.4,0.8,3.4,1.4,3.6
MAD,476,21-May-25,46515,18.8,0.8,2.8,0.8,4.2
BCN,477,21-May-25,66944,12.3,2.3,3.2,1.5,1.8
MAD,478,21-May-25,34310,16.9,0.8,2.5,0.6,3.4
MAD,479,21-May-25,61499,17.6,2.4,3.7,1.9,5.6
BCN,480,21-May-25,264652,11.3,2.2,3.3,1.6,3.6
MAD,481,21-May-25,205036,4,1.6,2.4,0.8,3.6
MAD,482,21-May-25,74119,4,1.6,3.3,1.1,10.9
BCN,483,21-May-25,264651,10.3,1.2,4.2,0.6,2.5
BCN,484,21-May-25,259875,18.3,0.8,3.4,1.3,3.4
BCN,485,21-May-25,65231,18.2,0.8,3.7,1.7,4.4
BCN,486,20-May-25,264652,12.8,1.5,3.2,1,2.8
BCN,487,20-May-25,74118,11.6,1.6,2.8,0.8,2.7
BCN,488,20-May-25,66944,15,2.8,4.1,2.4,3.3
BCN,489,20-May-25,248266,19,0.9,3.5,1.4,4.1
BCN,490,20-May-25,259875,19.2,0.8,3.5,1.3,3.7
MAD,491,20-May-25,105408,17.6,0.9,3.5,2.5,5.5
MAD,492,20-May-25,205036,12.9,3.7,4.5,4.4,9.7
BCN,493,20-May-25,264651,11.7,1,3.3,0.6,2.2
BCN,494,20-May-25,65231,18,0.8,3.8,1.7,4.2
MAD,495,20-May-25,61499,10.6,2,5,1.5,4.7
MAD,496,20-May-25,46515,17,0.9,2.6,0.8,4.4
MAD,497,20-May-25,34310,16.6,0.8,2.5,0.6,3.4
MAD,498,20-May-25,74119,9.9,2.3,3.1,1.9,4.6
MAD,499,19-May-25,46515,16.3,0.8,2.6,0.8,4
BCN,500,19-May-25,259875,18.9,0.8,3.4,1.3,4
MAD,501,19-May-25,74119,7.5,1.6,3.3,1.1,4.9
BCN,502,19-May-25,264652,17.1,1.7,3.6,1.3,4.4
MAD,503,19-May-25,105408,17.1,0.8,3.3,2.3,5.5
BCN,504,19-May-25,74118,9.7,1.8,3.1,0.9,3.4
BCN,505,19-May-25,66944,15.1,1.2,3.3,0.8,2.9
BCN,506,19-May-25,248266,18.1,0.8,3.6,1.5,4.2
MAD,507,19-May-25,205036,0,0,0,0,0
MAD,508,19-May-25,61499,11.7,3.2,4.7,3,5.8
MAD,509,19-May-25,34310,16.7,0.8,2.3,0.6,4.1
BCN,510,19-May-25,65231,18.5,0.9,3.6,1.7,4.4
MAD,511,18-May-25,105408,18.8,0.8,3.5,2.5,5.5
BCN,512,18-May-25,65231,19.4,0.8,3.9,1.8,4.4
BCN,513,18-May-25,74118,4,1.6,5.1,0.7,4.2
BCN,514,18-May-25,264651,15.2,2.3,3.6,1.7,4.9
BCN,515,18-May-25,248266,19,0.8,3.6,1.6,4
BCN,516,18-May-25,66944,13,2.3,3.5,1.6,3.4
MAD,517,18-May-25,61499,14.6,3.2,4,3.1,2.7
MAD,518,18-May-25,46515,16.8,0.8,2.8,0.8,3.5
MAD,519,18-May-25,74119,9.9,1.2,3.2,0.5,3.9
BCN,520,18-May-25,259875,18.6,0.8,3.3,1.4,3.5
MAD,521,18-May-25,34310,14.3,0.8,2.4,0.6,4.8
MAD,522,17-May-25,34310,17.9,0.8,2.5,0.5,4.3
BCN,523,17-May-25,65231,17.5,0.9,3.9,1.8,4.4
MAD,524,17-May-25,105408,18.2,0.9,3.5,2.5,4.9
BCN,525,17-May-25,259875,17.4,0.8,3.3,1.4,4
BCN,526,17-May-25,66944,12.5,1.6,3.3,1,2.1
BCN,527,17-May-25,74118,7.1,1.6,3.4,0.9,4.3
MAD,528,17-May-25,46515,17.2,0.8,2.4,0.8,4.1
BCN,529,17-May-25,264652,11.9,1.2,3,0.9,4.8
BCN,530,17-May-25,248266,18.5,0.8,3.5,1.7,3.9
MAD,531,17-May-25,61499,13.5,2.3,4,1.6,1.9
MAD,532,17-May-25,74119,6.5,1.4,2.6,0.9,4.5
BCN,533,17-May-25,264651,14.8,1.8,3.7,1.2,2.7
MAD,534,16-May-25,46515,20.1,1.5,2.7,0.8,3.8
BCN,535,16-May-25,74118,12.5,2.1,3.2,1.2,0.4
BCN,536,16-May-25,264652,13.7,1.2,2.9,0.7,4
MAD,537,16-May-25,34310,19.1,1.3,2.7,0.5,3.8
MAD,538,16-May-25,105408,22.9,2.9,4.2,2.9,5
BCN,539,16-May-25,66944,17.2,2.5,4,1.9,5
MAD,540,16-May-25,61499,14.1,2.7,4.1,2.8,9.1
MAD,541,16-May-25,205036,12.9,4.5,8.2,5.3,7.9
BCN,542,16-May-25,259875,18,2.1,3.7,1.5,3.7
BCN,543,16-May-25,264651,15.6,1.2,4.1,0.9,2.4
MAD,544,16-May-25,7053,22.5,1.2,2.6,0.6,3.6
MAD,545,16-May-25,74119,6.7,2.1,2.8,1.5,5.6
BCN,546,16-May-25,65231,19.2,2.3,3.9,1.8,3.6
BCN,547,16-May-25,248266,19.3,1.8,3.5,1.3,3.8
BCN,548,15-May-25,66944,16.7,1.8,3.6,1.2,6.5
BCN,549,15-May-25,259875,18.7,1.9,3.6,1.4,4
MAD,550,15-May-25,61499,15.7,2,4.1,1.6,6.4
MAD,551,15-May-25,46515,19,1.6,3.2,0.9,3.6
MAD,552,15-May-25,105408,21.8,2.7,3.7,2.6,5.1
MAD,553,15-May-25,74119,7.1,1.4,3.4,0.9,3.8
MAD,554,15-May-25,34310,18.8,1.4,2.8,0.6,3
BCN,555,15-May-25,65231,19.8,2.3,3.7,1.8,5.2
BCN,556,15-May-25,248266,21.3,2,3.7,1.4,4.2
MAD,557,15-May-25,7053,20.7,1.4,3,0.7,4.5
BCN,558,15-May-25,264651,14.8,1.2,3.7,0.6,3.4
BCN,559,15-May-25,264652,15.7,1.9,4,1.3,2.7
BCN,560,14-May-25,259875,18.5,2,3.6,1.4,4.1
BCN,561,14-May-25,66944,14.2,2,3.6,1.5,4
MAD,562,14-May-25,61499,15,2.1,3.5,1.5,3.6
MAD,563,14-May-25,105408,19.3,2.7,3.7,2.5,5.4
MAD,564,14-May-25,205036,5.3,1.8,2.7,1.3,3.4
BCN,565,14-May-25,264652,12.6,1.8,5,1.2,5
BCN,566,14-May-25,248266,22.5,1.8,3.5,1.2,3.6
BCN,567,14-May-25,65231,19.3,2.3,3.8,1.8,4.3
MAD,568,14-May-25,46515,18,1.5,2.8,0.8,3.9
MAD,569,14-May-25,74119,9.5,1.8,2.8,1.3,3.5
BCN,570,14-May-25,74118,6.8,2.9,4.9,2.2,1.4
MAD,571,14-May-25,7053,19.4,1.3,2.7,0.6,3.8
MAD,572,14-May-25,34310,16.5,1.3,2.4,0.5,3.8
MAD,573,13-May-25,7053,20.3,1.2,2.5,0.5,3.6
BCN,574,13-May-25,248266,16.6,1.9,3.5,1.4,3.6
MAD,575,13-May-25,61499,13.8,2.9,8.4,2.7,5.8
BCN,576,13-May-25,264651,13.8,2.9,3.8,2.3,1.1
MAD,577,13-May-25,74119,8.9,1.7,2.9,1.2,3.2
BCN,578,13-May-25,259875,17.2,2,3.5,1.4,3.3
MAD,579,13-May-25,205036,4.7,2.3,4.2,2,6.1
MAD,580,13-May-25,34310,18.1,1.4,2.4,0.6,4.2
BCN,581,13-May-25,66944,11.3,1.7,3.2,1.1,2.7
MAD,582,13-May-25,105408,18.5,2.7,3.4,2.6,4.2
MAD,583,13-May-25,46515,18.6,1.5,2.6,0.8,3.5
BCN,584,13-May-25,65231,17.7,2.1,3.7,1.6,3.7
BCN,585,13-May-25,264652,9.5,1.6,3.7,1.2,1.9
BCN,586,13-May-25,74118,10.2,2.1,3.3,1.3,3.3
MAD,587,12-May-25,46515,16.4,1.5,2.6,0.8,4
MAD,588,12-May-25,34310,19.5,1.3,2.4,0.6,4.3
BCN,589,12-May-25,65231,18.3,2.3,3.7,1.7,4.2
MAD,590,12-May-25,61499,12.3,2.7,4.4,2.4,5.1
BCN,591,12-May-25,264651,13,0.8,2.8,0.4,2.6
BCN,592,12-May-25,264652,12.5,1.8,3.2,1.3,4
MAD,593,12-May-25,205036,8,4.5,8.4,5.5,7.6
MAD,594,12-May-25,74119,13.7,2,3.1,1.5,3.5
BCN,595,12-May-25,74118,13.1,2.4,3.9,1.7,5.4
MAD,596,12-May-25,105408,17.6,2.7,3.6,2.7,6.2
MAD,597,12-May-25,7053,16.4,1.3,2.6,0.6,3.5
BCN,598,12-May-25,248266,19.5,2.1,3.4,1.5,4.1
BCN,599,12-May-25,66944,10.7,2.3,3.4,1.8,3.3
BCN,600,12-May-25,259875,19.7,1.9,3.3,1.4,3.9
MAD,601,11-May-25,74119,9.2,2.1,2.8,1.6,4
BCN,602,11-May-25,248266,17.2,2.1,3.5,1.6,3.9
MAD,603,11-May-25,205036,14.8,2.7,4.4,2.5,3.6
BCN,604,11-May-25,259875,17.5,1.9,3.2,1.3,4.2
BCN,605,11-May-25,65231,18.8,2.3,3.8,1.7,4.2
MAD,606,11-May-25,34310,16.3,1.4,2.3,0.6,3.9
BCN,607,11-May-25,66944,37.1,1.9,4,1.5,4.4
BCN,608,11-May-25,264652,9.6,2.2,3.8,1.6,4.9
MAD,609,11-May-25,46515,16.5,1.5,2.5,0.7,4
BCN,610,11-May-25,74118,10,2.9,5.6,2.3,4.2
MAD,611,11-May-25,7053,18.2,1.3,2.6,0.5,3.6
MAD,612,11-May-25,105408,18.6,2.7,3.5,2.6,4.8
MAD,613,11-May-25,61499,13.2,2.4,4.9,2,2.2
MAD,614,10-May-25,46515,16.9,1.5,2.6,0.8,3.7
MAD,615,10-May-25,7053,16.2,1.4,2.7,0.6,3.3
MAD,616,10-May-25,205036,12.1,1.3,2.6,0.7,4.6
BCN,617,10-May-25,248266,17.9,1.9,3.6,1.3,4.3
BCN,618,10-May-25,264652,11.7,1.8,3.1,1.2,5
MAD,619,10-May-25,61499,10.3,2.5,3.8,2,2.6
MAD,620,10-May-25,105408,17,2.7,3.5,2.7,5.2
MAD,621,10-May-25,34310,16,1.3,2.3,0.6,5.4
BCN,622,10-May-25,74118,10.6,2.3,4.6,1.6,5.8
BCN,623,10-May-25,259875,19.7,1.9,3.9,1.4,3.9
MAD,624,10-May-25,74119,5.7,1.9,4.5,1.5,3.6
BCN,625,10-May-25,65231,17.7,2.2,4,1.6,3.8
BCN,626,10-May-25,264651,13.8,1.4,4.4,0.9,4.5
MAD,627,09-May-25,61499,15.1,2,3.7,1.6,4.2
MAD,628,09-May-25,46515,20.2,1.5,2.8,0.8,4.2
MAD,629,09-May-25,34310,17.4,1.4,2.8,0.6,4.4
BCN,630,09-May-25,65231,19.4,2.3,3.9,1.7,4.2
BCN,631,09-May-25,74118,10.5,1.6,4.3,0.7,2.9
BCN,632,09-May-25,248266,20.2,2.2,3.8,1.6,4.1
BCN,633,09-May-25,259875,19.2,2.1,3.5,1.5,3.8
MAD,634,09-May-25,7053,21.3,1.4,3,0.7,4.8
MAD,635,09-May-25,105408,22.6,2.6,3.6,2.4,6
BCN,636,09-May-25,66944,14.9,1.2,3,0.7,2.9
BCN,637,09-May-25,264652,20.9,1.9,3.6,1.4,3.7
MAD,638,09-May-25,74119,14.2,1.6,3.4,1,4.5
MAD,639,09-May-25,205036,11.3,2.1,3.9,1.6,4.4
BCN,640,09-May-25,264651,11.3,1.2,3.5,0.7,2.4
MAD,641,08-May-25,46515,20.1,1.5,3.2,0.9,3.5
MAD,642,08-May-25,7053,24.5,1.5,2.8,0.7,4.1
MAD,643,08-May-25,74119,4.5,2.1,2.9,1.4,8.2
BCN,644,08-May-25,66944,16.2,3.2,4.3,2.8,3.4
BCN,645,08-May-25,264652,13.3,1.8,4.1,1.2,5.4
BCN,646,08-May-25,259875,20.3,2.2,4,1.6,4
MAD,647,08-May-25,34310,18.6,1.3,2.5,0.5,3.4
BCN,648,08-May-25,65231,21.8,2.3,4.3,1.7,4.4
MAD,649,08-May-25,61499,13.1,1.8,3.4,1.2,4.2
BCN,650,08-May-25,264651,11.7,1.6,4.1,1.2,0.9
MAD,651,08-May-25,105408,21.4,2.9,4,2.9,4.8
BCN,652,08-May-25,248266,19.2,1.9,3.5,1.3,4.5
BCN,653,07-May-25,248266,19.3,2.1,3.5,1.5,4.1
MAD,654,07-May-25,46515,15.9,1.4,2.7,0.7,4.3
MAD,655,07-May-25,205036,12,3.2,5.3,3.2,6.2
MAD,656,07-May-25,74119,18.3,2.4,3.3,1.9,4.7
BCN,657,07-May-25,66944,14.3,1.2,3.3,0.6,3
BCN,658,07-May-25,259875,17.5,1.8,3.1,1.2,4.2
BCN,659,07-May-25,65231,18.2,2.3,4.3,1.8,4.3
MAD,660,07-May-25,7053,20.7,1.3,2.6,0.6,4.5
BCN,661,07-May-25,264652,8.3,1.5,3.7,1.1,2.2
MAD,662,07-May-25,61499,13.7,2,3.2,1.4,4.2
MAD,663,07-May-25,105408,18.8,2.9,4,2.8,7.3
BCN,664,07-May-25,74118,8,2.1,3.4,1.3,4.4
MAD,665,07-May-25,34310,16.1,1.3,2.4,0.6,5
BCN,666,07-May-25,264651,13.7,1.6,4.4,1,0.9
BCN,667,06-May-25,65231,18.9,2.3,3.9,1.7,4.9
BCN,668,06-May-25,66944,13,2.6,4.2,2,4.7
BCN,669,06-May-25,248266,16.9,2.1,3.3,1.5,4.7
MAD,670,06-May-25,61499,12,2.1,3.7,1.6,5.2
BCN,671,06-May-25,264651,16.7,1.6,2.7,1,5.1
MAD,672,06-May-25,34310,17.6,1.3,2.5,0.6,4.4
BCN,673,06-May-25,259875,16.5,1.9,3.1,1.3,4.2
BCN,674,06-May-25,264652,10.4,1.8,3.8,1.4,5
MAD,675,06-May-25,205036,13.5,2.5,4.8,2.3,3.5
MAD,676,06-May-25,7053,16.7,1.3,2.7,0.6,4
MAD,677,06-May-25,105408,18.3,2.8,4.1,2.7,6.1
MAD,678,06-May-25,46515,17.5,1.5,2.6,0.9,4.9
MAD,679,06-May-25,74119,11,1.9,2.8,1.3,3.3
BCN,680,05-May-25,65231,19.8,2.2,3.6,1.6,5.5
BCN,681,05-May-25,74118,5,2.1,4.2,1.2,2
MAD,682,05-May-25,61499,15.7,1.8,4.9,1.3,4
MAD,683,05-May-25,7053,16,1.3,2.7,0.6,4.8
MAD,684,05-May-25,205036,18,2.3,3.9,1.8,5.6
MAD,685,05-May-25,46515,17.3,1.5,2.5,0.8,4.7
BCN,686,05-May-25,264652,12.8,3.3,4.4,2.8,6.8
MAD,687,05-May-25,74119,8.9,2.5,3,2.1,4.7
MAD,688,05-May-25,105408,17.1,2.8,3.7,2.6,6.3
MAD,689,05-May-25,34310,15.6,1.4,2.4,0.6,4.9
BCN,690,05-May-25,248266,18.6,2.1,3.6,1.5,3.8
BCN,691,05-May-25,264651,20.5,1.3,3.2,0.8,1.7
BCN,692,05-May-25,259875,15.8,2,3.2,1.5,3.9
BCN,693,05-May-25,66944,10.9,2.3,3.8,1.6,2.5
MAD,694,04-May-25,34310,17.4,1.4,2.4,0.6,4.5
MAD,695,04-May-25,105408,17.1,2.6,3.4,2.4,6.2
MAD,696,04-May-25,205036,13.1,2.9,4.1,3,7.1
BCN,697,04-May-25,66944,11.5,1.5,3.3,1,4.3
BCN,698,04-May-25,264651,22.7,1.2,3.4,0.9,3.3
BCN,699,04-May-25,65231,18.1,2.2,3.7,1.7,4.4
MAD,700,04-May-25,46515,17.8,1.4,2.4,0.7,4.8
BCN,701,04-May-25,74118,9.4,2.7,3.2,1.9,5.8
MAD,702,04-May-25,74119,7.6,1.6,2.6,1.1,1.9
BCN,703,04-May-25,264652,15.3,1.9,5,1.4,2.7
MAD,704,04-May-25,7053,16.2,1.3,2.4,0.6,3.7
BCN,705,04-May-25,248266,18.7,2.3,3.8,1.7,3.9
MAD,706,04-May-25,61499,17.8,2.2,3.2,1.8,6.5
BCN,707,04-May-25,259875,15.7,1.9,3.2,1.3,4.3
BCN,708,03-May-25,264651,10.9,1.6,4,1,1.9
BCN,709,03-May-25,66944,11.9,1.8,3.2,1.2,3
MAD,710,03-May-25,61499,20.5,2.7,4.1,2.7,3.4
BCN,711,03-May-25,259875,16.8,1.8,3.2,1.3,3.8
MAD,712,03-May-25,205036,9.8,2.5,5.9,2.1,8.7
MAD,713,03-May-25,74119,14.5,1.8,3.1,1.3,3.5
MAD,714,03-May-25,105408,21,2.4,3.3,2.1,5.1
MAD,715,03-May-25,7053,21.2,1.3,2.8,0.6,3.7
BCN,716,03-May-25,248266,22.2,2.2,4,1.7,4.2
BCN,717,03-May-25,65231,18.2,2.3,3.8,1.8,4.4
MAD,718,03-May-25,46515,19.7,1.5,2.7,0.8,3.8
MAD,719,03-May-25,34310,19.7,1.3,2.5,0.6,4.2
BCN,720,03-May-25,74118,10.1,2.5,4.5,1.9,2.6
MAD,721,02-May-25,34310,18.4,1.3,2.8,0.5,3.8
BCN,722,02-May-25,259875,21.2,1.8,3.3,1.2,4.7
BCN,723,02-May-25,264651,15.9,1.2,3.2,0.5,2.7
BCN,724,02-May-25,74118,10,2.6,4.2,1.9,6.4
BCN,725,02-May-25,66944,15.7,2.9,4.1,2.4,4.2
BCN,726,02-May-25,264652,17.9,2.3,4,1.6,3.1
BCN,727,02-May-25,248266,19.9,1.8,3.1,1.3,3.2
MAD,728,02-May-25,205036,13.4,2.3,3.4,1.8,3.5
MAD,729,02-May-25,61499,18.6,1.9,4.7,1.5,3.3
MAD,730,02-May-25,105408,23.6,2.7,4.4,2.6,4.8
BCN,731,02-May-25,65231,20.7,2.3,4.1,1.7,4.9
MAD,732,02-May-25,46515,16.4,1.4,2.8,0.7,3.4
MAD,733,01-May-25,34310,19.3,1.3,2.5,0.6,5.1
MAD,734,01-May-25,46515,19,1.4,2.4,0.7,4.1
BCN,735,01-May-25,74118,14.6,3.3,4.6,2.9,4.9
BCN,736,01-May-25,248266,17.5,1.8,2.8,1.1,4.2
BCN,737,01-May-25,66944,17.6,2.1,4.4,1.6,4.5
BCN,738,01-May-25,264651,8.9,1.4,3.3,0.8,4.3
BCN,739,01-May-25,65231,22.9,2.4,4.3,1.8,5.1
MAD,740,01-May-25,61499,14.6,2.4,3.8,2,2.8
MAD,741,01-May-25,105408,21.4,2.7,3.4,2.5,5.6
BCN,742,01-May-25,259875,22.7,1.9,3.2,1.3,4.4
MAD,743,01-May-25,74119,10.3,1.9,3.8,1.5,5.7
BCN,744,01-May-25,264652,20.3,1.8,4.2,1.2,6
MAD,745,01-May-25,205036,13.4,2.4,4.9,1.9,4.6
BCN,746,30-Apr-25,259875,19.8,1.8,3.2,1.2,3.2
MAD,747,30-Apr-25,205036,8.6,2.6,4.5,2.4,3.4
BCN,748,30-Apr-25,264651,12.8,1.2,2.6,0.9,1.5
BCN,749,30-Apr-25,74118,9.1,2.4,4.1,1.9,3.3
BCN,750,30-Apr-25,248266,20.2,1.9,3.5,1.3,3.7
MAD,751,30-Apr-25,74119,8.3,1.6,3.6,1.2,1.7
BCN,752,30-Apr-25,65231,21.4,2.1,4,1.6,4
BCN,753,30-Apr-25,264652,10.2,1.4,3.1,0.9,0.8
MAD,754,30-Apr-25,46515,17.8,1.5,2.8,0.8,3.5
MAD,755,30-Apr-25,61499,10.7,3,4.4,3,3.8
MAD,756,30-Apr-25,105408,19.5,2.6,3.5,2.5,4.5
BCN,757,30-Apr-25,66944,13.9,2.6,4.1,2.1,12.7
BCN,758,29-Apr-25,259875,16.4,1.8,3,1.2,3.3
MAD,759,29-Apr-25,105408,20.1,2.5,3.4,2.3,3.8
MAD,760,29-Apr-25,61499,5.9,2.1,3.2,1.3,1.8
BCN,761,29-Apr-25,248266,23.2,2.1,3.3,1.5,3.1
BCN,762,29-Apr-25,65231,21.1,2.2,3.6,1.6,3.4
MAD,763,29-Apr-25,205036,13.6,3.3,5.1,3.3,2.5
MAD,764,29-Apr-25,46515,17.4,1.5,2.5,0.8,3.5
MAD,765,29-Apr-25,74119,11.9,2.1,3.1,1.5,2
MAD,766,29-Apr-25,34310,15,1.3,2.3,0.5,3.6
BCN,767,29-Apr-25,264651,12.5,1.6,3.1,1,3.7
BCN,768,29-Apr-25,74118,4,2.1,3.4,1.4,1.4
BCN,769,29-Apr-25,264652,9,1.9,5.4,1.3,3.1
BCN,770,29-Apr-25,66944,10.4,2.3,3.6,1.8,2.1
BCN,771,28-Apr-25,248266,17.1,2,3.3,1.5,3.8
MAD,772,28-Apr-25,105408,19.3,2.4,3.1,2.1,5.2
MAD,773,28-Apr-25,34310,17.6,1.3,2.3,0.6,3.8
MAD,774,28-Apr-25,46515,18.6,1.4,2.5,0.7,4.5
MAD,775,28-Apr-25,74119,8,2.5,2.8,1.9,5.2
BCN,776,28-Apr-25,65231,19.2,2.1,3.8,1.6,3.9
BCN,777,28-Apr-25,259875,18.7,1.9,3.2,1.3,3.8
MAD,778,28-Apr-25,205036,9.1,1.5,2.8,0.7,3.5
BCN,779,28-Apr-25,74118,8.9,2.6,4.9,1.9,4.2
BCN,780,28-Apr-25,66944,9.7,2.7,4.6,2.3,2.8
MAD,781,28-Apr-25,61499,14.6,2.7,3.7,2.4,3.5
BCN,782,28-Apr-25,264652,15.9,2.1,4.4,1.6,4.7
BCN,783,28-Apr-25,264651,11.8,1.6,3.6,1.2,3.3
BCN,784,27-Apr-25,65231,18.3,2.2,3.4,1.7,3.4
MAD,785,27-Apr-25,61499,16.9,2.3,4.7,1.8,3.6
BCN,786,27-Apr-25,74118,8.9,2.5,4.4,2.1,5.4
BCN,787,27-Apr-25,66944,14.4,2.6,3.4,2,4.1
MAD,788,27-Apr-25,205036,13.2,2.7,5.3,2.7,1.7
MAD,789,27-Apr-25,74119,4,1.6,3.4,1.2,17.1
MAD,790,27-Apr-25,46515,17,1.5,2.5,0.8,3.3
BCN,791,27-Apr-25,259875,18.9,1.7,3,1.2,4
BCN,792,27-Apr-25,264651,15.3,1.5,2.9,1,2.1
BCN,793,27-Apr-25,248266,16.5,2.2,3.4,1.6,3.7
MAD,794,27-Apr-25,105408,19.8,2.6,3.2,2.4,4.4
BCN,795,27-Apr-25,264652,7.9,1.2,4,0.8,1.8
MAD,796,27-Apr-25,34310,17.3,1.2,2.3,0.5,3.1
MAD,797,26-Apr-25,34310,15.3,1.4,2.3,0.6,3.3
MAD,798,26-Apr-25,46515,19.5,1.5,2.6,0.8,3.3
BCN,799,26-Apr-25,264651,10.2,2.1,3.6,1.7,2
BCN,800,26-Apr-25,74118,9.7,2.4,4.9,1.7,2.9
MAD,801,26-Apr-25,61499,12.1,2.4,4.4,2,1.8
BCN,802,26-Apr-25,259875,18.9,1.7,3.2,1.2,3.5
MAD,803,26-Apr-25,205036,13.5,3.7,6.3,4.2,6.5
MAD,804,26-Apr-25,105408,18,2.5,3.2,2.3,3.3
BCN,805,26-Apr-25,264652,14.6,1.5,3.3,1,2.8
BCN,806,26-Apr-25,66944,9.8,2.1,3.9,1.5,3.2
MAD,807,26-Apr-25,74119,12.5,1.8,2.7,1.3,3
BCN,808,26-Apr-25,65231,19.9,2.1,3.8,1.6,3.1
BCN,809,26-Apr-25,248266,15.3,1.9,3.2,1.4,3
BCN,810,25-Apr-25,248266,20.7,1.9,3.3,1.6,3.1
BCN,811,25-Apr-25,264652,15.8,2.5,4.1,1.9,1.8
BCN,812,25-Apr-25,65231,21.6,2.3,4,1.8,3.4
MAD,813,25-Apr-25,205036,9.8,1.2,2.8,0.5,2.9
BCN,814,25-Apr-25,66944,18.6,2,3.6,1.7,3.3
MAD,815,25-Apr-25,34310,29,1.3,3.1,0.5,3.3
MAD,816,25-Apr-25,74119,6.3,1.6,3.6,1,2.1
BCN,817,25-Apr-25,74118,10.1,2.2,4,1.5,2.8
BCN,818,25-Apr-25,259875,20.3,1.8,3.4,1.3,2.8
MAD,819,25-Apr-25,105408,21.4,2.4,4.4,2.1,3.6
MAD,820,25-Apr-25,61499,14.8,1.8,4.3,1.3,2.3
MAD,821,25-Apr-25,46515,21.6,1.6,3.6,0.9,3.6
BCN,822,25-Apr-25,264651,22.1,2.1,3.9,1.5,3.3
BCN,823,24-Apr-25,259875,20.8,1.9,3.9,1.4,2.4
BCN,824,24-Apr-25,74118,8.1,2.2,3.8,1.6,1.1
MAD,825,24-Apr-25,46515,20.8,1.6,2.9,0.9,3.2
MAD,826,24-Apr-25,34310,18.9,1.4,2.3,0.6,4
BCN,827,24-Apr-25,264651,15.8,2.5,4,2,4.4
MAD,828,24-Apr-25,105408,23.9,2.6,3.5,2.4,3.5
MAD,829,24-Apr-25,205036,8.5,2.1,3.3,1.6,3.1
MAD,830,24-Apr-25,61499,15.7,2.2,4.1,1.8,2.7
BCN,831,24-Apr-25,264652,13.5,1.7,3.9,1.2,1.4
BCN,832,24-Apr-25,65231,21.8,2.3,4.4,1.8,2.9
MAD,833,24-Apr-25,74119,30,2.9,4.4,2.5,3.1
BCN,834,24-Apr-25,248266,27.4,1.7,3.1,1.1,2.6
MAD,835,23-Apr-25,205036,9,2.1,3,1.4,3.3
BCN,836,23-Apr-25,65231,22,2.4,4.2,1.8,3
MAD,837,23-Apr-25,34310,16.7,1.4,2.3,0.6,3
BCN,838,23-Apr-25,66944,13.6,1.9,4.2,1.5,3
BCN,839,23-Apr-25,264652,11.9,1.6,3.4,1.1,2.7
MAD,840,23-Apr-25,105408,19.7,2.4,3.3,2.1,3.2
MAD,841,23-Apr-25,61499,13.4,2.9,4.7,2.7,4.1
MAD,842,23-Apr-25,74119,5,2.3,2.6,1.9,5.2
BCN,843,23-Apr-25,248266,17,2,3.3,1.4,2.6
BCN,844,23-Apr-25,259875,19,1.9,3.6,1.4,3.2
BCN,845,23-Apr-25,264651,9.9,1.2,3.3,0.7,3.6
BCN,846,23-Apr-25,74118,10,2.1,4.2,1.6,3.2
MAD,847,23-Apr-25,46515,17,1.5,2.6,0.8,3.1
BCN,848,22-Apr-25,74118,10.4,1.9,4.2,1.3,2.1
MAD,849,22-Apr-25,105408,21.1,2.5,3.9,2.3,2.8
BCN,850,22-Apr-25,259875,20.2,1.7,3.1,1.1,2.3
BCN,851,22-Apr-25,264651,11.9,1.6,3.1,1.2,2.9
BCN,852,22-Apr-25,248266,21.6,2.1,3.5,1.5,2.4
BCN,853,22-Apr-25,65231,19.2,2.1,3.7,1.5,2.6
MAD,854,22-Apr-25,205036,8,1.2,3.1,0.6,2.1
BCN,855,22-Apr-25,66944,11.8,1.4,4.4,1,2.7
BCN,856,22-Apr-25,264652,11.1,0.8,3.1,0.4,2.2
MAD,857,22-Apr-25,61499,15.7,3.7,6.7,4.5,2.5
MAD,858,22-Apr-25,34310,17.4,1.3,2.8,0.6,2.7
MAD,859,22-Apr-25,46515,18.9,1.5,2.9,0.8,3
BCN,860,21-Apr-25,65231,20.9,2.1,3.6,1.6,2.9
BCN,861,21-Apr-25,264651,12,1.1,3.4,0.4,1.7
MAD,862,21-Apr-25,74119,10.6,2.2,2.7,1.6,2.3
BCN,863,21-Apr-25,259875,19.6,1.9,3.4,1.3,2.2
MAD,864,21-Apr-25,105408,17.8,2.6,3.5,2.5,3
BCN,865,21-Apr-25,66944,16,1.9,3.3,1.3,2.6
MAD,866,21-Apr-25,34310,18.7,1.3,2.3,0.6,3.1
MAD,867,21-Apr-25,61499,11.4,2.5,3.6,2.3,1.9
BCN,868,21-Apr-25,74118,8.7,2.7,3.8,2.1,3.3
MAD,869,21-Apr-25,46515,19,1.5,2.6,0.8,3.2
MAD,870,21-Apr-25,205036,9.3,3.7,6.2,3.9,1.9
BCN,871,21-Apr-25,248266,21.2,2,3.5,1.5,3.1
BCN,872,21-Apr-25,264652,10.4,0.8,2.8,0.4,1.4
BCN,873,20-Apr-25,248266,18.6,2,3.5,1.4,2.4
MAD,874,20-Apr-25,46515,18,1.4,2.5,0.7,3.2
MAD,875,20-Apr-25,105408,18,2.4,3.1,2.2,3.6
BCN,876,20-Apr-25,74118,7.7,3.7,5,3.3,2.2
MAD,877,20-Apr-25,61499,11.3,3,4.3,2.7,1.6
MAD,878,20-Apr-25,74119,8.5,0.8,2.6,0.2,2.1
BCN,879,20-Apr-25,66944,12.7,2.5,3.8,2,2.2
MAD,880,20-Apr-25,205036,8,1.2,2.5,0.6,5.8
BCN,881,20-Apr-25,259875,19,1.8,3.2,1.2,2.7
MAD,882,20-Apr-25,34310,18.8,1.3,2.3,0.5,3.5
BCN,883,20-Apr-25,65231,19.8,2.1,3.5,1.6,2.5
BCN,884,20-Apr-25,264651,13,1.2,3.3,0.7,2.1
BCN,885,20-Apr-25,264652,13.3,2,3.4,1.4,2
BCN,886,19-Apr-25,65231,19.2,2.2,3.9,1.6,2.6
BCN,887,19-Apr-25,248266,17.5,2,3.5,1.5,2.6
BCN,888,19-Apr-25,66944,17,2.2,3.5,1.6,3
BCN,889,19-Apr-25,259875,17.6,2,3.5,1.5,2.3
MAD,890,19-Apr-25,46515,17.7,1.5,2.5,0.8,3.2
MAD,891,19-Apr-25,61499,14.3,2.1,3.4,1.7,1.9
MAD,892,19-Apr-25,205036,8.5,3.5,5,3.8,2.8
MAD,893,19-Apr-25,34310,17,1.4,2.2,0.6,3
MAD,894,19-Apr-25,74119,8.1,1.4,2.5,0.7,3.4
MAD,895,19-Apr-25,105408,17.7,2.6,3.3,2.4,2.9
BCN,896,19-Apr-25,264651,21.5,1.5,3.2,1,4
BCN,897,19-Apr-25,74118,10.8,3.7,5.2,3.4,2.6
BCN,898,19-Apr-25,264652,15.7,1.2,3,0.7,2.7
MAD,899,18-Apr-25,105408,22.2,2.7,3.7,2.5,3
BCN,900,18-Apr-25,264651,15.2,1.6,3.7,1.2,2.9
MAD,901,18-Apr-25,61499,17.6,2.2,3.6,1.9,1.6
BCN,902,18-Apr-25,65231,20.8,2.3,4.1,1.7,2.4
MAD,903,18-Apr-25,34310,19.3,1.3,2.5,0.6,3.2
BCN,904,18-Apr-25,248266,22.4,2.1,3.5,1.5,2.5
MAD,905,18-Apr-25,74119,8.3,2.1,2.7,1.6,3
BCN,906,18-Apr-25,259875,26.7,2,3.8,1.4,4.1
BCN,907,18-Apr-25,66944,18.6,2.1,4.1,1.6,3.1
MAD,908,18-Apr-25,46515,19,1.6,2.6,0.9,2.8
MAD,909,18-Apr-25,205036,10.1,2.1,3.5,1.6,2.4
BCN,910,18-Apr-25,74118,13.2,2.7,4.1,2.1,2.9
BCN,911,18-Apr-25,264652,26.1,1.9,3.4,1.4,3.7
BCN,912,17-Apr-25,259875,21.5,1.9,3.7,1.3,2.5
MAD,913,17-Apr-25,34310,26.1,1.4,2.7,0.6,2.6
BCN,914,17-Apr-25,74118,10.1,3,4.6,2.5,1.8
BCN,915,17-Apr-25,264651,15.3,1.8,4.3,1.4,5.8
MAD,916,17-Apr-25,105408,24.6,2.8,3.8,2.7,3.1
MAD,917,17-Apr-25,74119,7,2.1,2.8,1.4,2.3
BCN,918,17-Apr-25,264652,0,0,0,0,0
BCN,919,17-Apr-25,66944,22.3,1.6,3.4,1.2,1.5
MAD,920,17-Apr-25,46515,16.3,1.5,2.8,0.8,3.1
MAD,921,17-Apr-25,61499,16.8,2.5,4,2.2,4.9
BCN,922,17-Apr-25,248266,23.9,2.1,3.6,1.5,3.3
BCN,923,17-Apr-25,65231,22.6,2.3,4.1,1.8,2.6
MAD,924,17-Apr-25,205036,8.5,4.5,10.9,5.4,1.5
MAD,925,16-Apr-25,46515,17.4,1.6,2.8,0.8,3.4
MAD,926,16-Apr-25,105408,20.9,2.5,3.4,2.2,2.8
BCN,927,16-Apr-25,264651,9.9,2.3,5.2,1.7,6.3
BCN,928,16-Apr-25,259875,17.5,2,3.4,1.4,2.5
MAD,929,16-Apr-25,205036,9,2.1,3.8,1.3,1.8
BCN,930,16-Apr-25,65231,20.4,2.1,4.3,1.6,2.9
MAD,931,16-Apr-25,74119,13.7,1.6,2.4,1.1,5.5
BCN,932,16-Apr-25,264652,11.3,1.6,3,1,6.8
BCN,933,16-Apr-25,248266,21.7,2,3.3,1.5,3.3
MAD,934,16-Apr-25,34310,16.3,1.3,2.3,0.5,2.7
BCN,935,16-Apr-25,74118,12.3,2.3,3.9,2,2.4
MAD,936,16-Apr-25,61499,11.7,2.8,4.4,2.7,3.1
BCN,937,16-Apr-25,66944,12.3,2.3,3.6,1.8,3.6
BCN,938,15-Apr-25,259875,16.7,1.7,3.1,1.2,2.6
BCN,939,15-Apr-25,65231,19,2,3.6,1.5,2.8
BCN,940,15-Apr-25,264652,0,0,0,0,0
BCN,941,15-Apr-25,66944,11.6,1.8,2.8,1.3,2.5
MAD,942,15-Apr-25,74119,12.5,0.8,2.2,0.2,4.3
MAD,943,15-Apr-25,46515,18,1.5,2.5,0.8,3.6
MAD,944,15-Apr-25,61499,12.5,2.2,4.2,2,1.8
BCN,945,15-Apr-25,74118,15.1,2.9,4.2,2.3,2.2
MAD,946,15-Apr-25,105408,18.4,2.4,3.3,2.1,3.2
MAD,947,15-Apr-25,34310,18.6,1.3,2.4,0.5,3.3
BCN,948,15-Apr-25,264651,8.5,2.1,4,1.5,0.4
MAD,949,15-Apr-25,205036,14.3,1.8,3.4,1.4,2
BCN,950,15-Apr-25,248266,20,1.9,3.2,1.3,2.9
BCN,951,14-Apr-25,66944,16.1,2.6,3.7,2,2.4
MAD,952,14-Apr-25,46515,19.5,1.4,2.5,0.7,2.5
MAD,953,14-Apr-25,34310,17.6,1.3,2.3,0.5,3.2
BCN,954,14-Apr-25,248266,22.3,2,3.4,1.4,2.9
MAD,955,14-Apr-25,74119,13,1.6,2.2,0.8,2.3
BCN,956,14-Apr-25,259875,19.6,1.8,3.1,1.2,2.5
MAD,957,14-Apr-25,105408,18.4,2.6,3.4,2.4,3.4
BCN,958,14-Apr-25,65231,19.5,2.2,3.3,1.6,2.9
MAD,959,14-Apr-25,61499,12.8,3.4,4.5,3.4,3
MAD,960,14-Apr-25,205036,9.1,3.3,4,3,2
BCN,961,14-Apr-25,74118,7.3,1.2,2.7,0.5,3.3
BCN,962,14-Apr-25,264651,13.3,1.6,4.5,1.1,4.6
BCN,963,13-Apr-25,259875,17,1.4,2.8,0.8,2.5
BCN,964,13-Apr-25,65231,19.1,2.3,3.8,1.7,3
MAD,965,13-Apr-25,34310,17.7,1.3,2.6,0.6,3.2
MAD,966,13-Apr-25,46515,17.6,1.4,2.7,0.7,2.8
BCN,967,13-Apr-25,264651,16.3,2.5,4.9,1.9,1.5
MAD,968,13-Apr-25,205036,6,1.2,2.7,0.3,1
BCN,969,13-Apr-25,74118,10.6,3.2,4.3,2.6,3
BCN,970,13-Apr-25,248266,17,2.1,3.3,1.5,2.8
MAD,971,13-Apr-25,105408,19.7,2.6,3.8,2.4,2.9
BCN,972,13-Apr-25,66944,12.4,3.9,4.6,3.4,2.6
MAD,973,12-Apr-25,61499,10.2,2.6,4.2,1.1,2.2
BCN,974,12-Apr-25,264651,15,0.8,3.7,0.3,3.4
BCN,975,12-Apr-25,248266,21.1,1.8,3,1.3,3.2
MAD,976,12-Apr-25,74119,4.5,1.6,2.5,0.8,2.1
BCN,977,12-Apr-25,66944,13.9,2.5,4,2,2.9
BCN,978,12-Apr-25,259875,16.2,1.5,2.9,0.9,2.4
BCN,979,12-Apr-25,65231,20.3,2.1,3.8,1.6,2.6
MAD,980,12-Apr-25,105408,18.6,2.6,3.3,2.5,3.3
MAD,981,12-Apr-25,34310,18.3,1.3,2.3,0.6,2.9
BCN,982,12-Apr-25,74118,11.8,3,4.8,3,7.5
MAD,983,12-Apr-25,205036,11.7,1.4,2.6,0.9,1.1
MAD,984,12-Apr-25,46515,17.7,1.5,2.6,0.7,3
MAD,985,11-Apr-25,205036,9,2.3,3.8,1.7,1.6
BCN,986,11-Apr-25,65231,20.2,2.3,3.8,1.8,2.9
MAD,987,11-Apr-25,34310,20.5,1.3,3,0.6,3.6
BCN,988,11-Apr-25,248266,20.4,1.6,3.1,1.1,3.2
BCN,989,11-Apr-25,74118,6.3,2.3,3.8,1.8,2.6
MAD,990,11-Apr-25,74119,24,1.6,2.6,0.9,2.7
MAD,991,11-Apr-25,46515,23.8,1.4,2.9,0.7,3.6
BCN,992,11-Apr-25,259875,24.1,1.4,2.9,0.9,3.4
MAD,993,11-Apr-25,61499,16.9,1.9,3.3,1.4,2.9
BCN,994,11-Apr-25,264651,19,1.5,3.7,1.1,1.9
BCN,995,11-Apr-25,66944,17,3,4,2.4,2
MAD,996,11-Apr-25,105408,25.6,2.4,4.3,2.2,3.3
BCN,997,10-Apr-25,66944,13.4,3.4,5.7,2.9,3.4
MAD,998,10-Apr-25,205036,9.9,2.9,5.4,2.9,2
MAD,999,10-Apr-25,105408,24.1,2.6,3.5,2.5,3
BCN,1000,10-Apr-25,248266,22.5,1.7,2.8,1.1,4.5
MAD,1001,10-Apr-25,46515,21.4,1.6,3.2,0.8,3.7
BCN,1002,10-Apr-25,65231,20.2,2.4,3.9,1.9,2.9
MAD,1003,10-Apr-25,34310,20.4,1.3,2.5,0.6,2.8
MAD,1004,10-Apr-25,61499,17.1,2.5,4.3,2.2,3.1
BCN,1005,10-Apr-25,74118,14.5,2.3,4.4,2,6.6
BCN,1006,10-Apr-25,264652,28.2,1.9,4,1.2,3.1
MAD,1007,10-Apr-25,74119,9.8,1.4,2.8,0.9,6.2
BCN,1008,10-Apr-25,259875,21,1.5,2.7,0.9,2.3
MAD,1009,09-Apr-25,61499,11.8,1.8,4.2,1.2,1.9
MAD,1010,09-Apr-25,46515,19.1,1.5,3.1,0.8,3.6
MAD,1011,09-Apr-25,205036,11.8,1.5,4.2,0.8,1.9
BCN,1012,09-Apr-25,74118,13.9,2.9,4.3,2.3,1.9
BCN,1013,09-Apr-25,264651,0,0,0,0,0
BCN,1014,09-Apr-25,259875,18.9,1.6,3,1.1,3.9
MAD,1015,09-Apr-25,105408,20,2.7,4,2.5,3
BCN,1016,09-Apr-25,248266,17.9,1.9,3.5,1.3,2.4
MAD,1017,09-Apr-25,34310,16.9,1.3,2.8,0.6,2.9
BCN,1018,09-Apr-25,65231,22.6,2.4,4.2,1.8,3.1
BCN,1019,09-Apr-25,264652,21.6,2.1,3,1.6,1
BCN,1020,09-Apr-25,66944,12.1,2.7,4.2,2.1,1.9
MAD,1021,09-Apr-25,74119,8.5,2.1,3.2,1.6,1.5
MAD,1022,08-Apr-25,105408,18.9,2.7,3.4,2.6,3
BCN,1023,08-Apr-25,264652,9.9,1.4,3.4,1,1.5
BCN,1024,08-Apr-25,259875,19.5,1.4,2.9,0.9,2.4
BCN,1025,08-Apr-25,248266,22,2.2,3.7,1.6,3.3
MAD,1026,08-Apr-25,74119,9.5,1.6,2.8,0.8,2
MAD,1027,08-Apr-25,34310,15.9,1.3,2.5,0.6,3.3
BCN,1028,08-Apr-25,66944,17.5,1.2,2.8,0.7,2.5
BCN,1029,08-Apr-25,65231,20.6,2.2,3.6,1.7,3.1
BCN,1030,08-Apr-25,74118,9.8,1.6,3.7,1.2,3
MAD,1031,08-Apr-25,61499,11.2,2.4,3.5,2.1,2.3
MAD,1032,08-Apr-25,46515,18.4,1.5,2.4,0.8,2.9
BCN,1033,08-Apr-25,264651,8.6,1.2,5.1,0.7,1.4
MAD,1034,08-Apr-25,205036,12.2,3.9,5.7,4.1,2
MAD,1035,07-Apr-25,74119,31.7,2.9,3.1,2.5,4.8
MAD,1036,07-Apr-25,61499,14.2,3.3,5.3,3.2,1.8
BCN,1037,07-Apr-25,264651,7.6,0.8,3.5,0.3,2.1
MAD,1038,07-Apr-25,105408,19.1,2.7,3.7,2.5,3.1
MAD,1039,07-Apr-25,46515,17.5,1.5,2.6,0.9,2.9
BCN,1040,07-Apr-25,264652,7.6,1.2,5.7,0.8,2.1
BCN,1041,07-Apr-25,248266,24.8,1.9,3.6,1.4,2.4
MAD,1042,07-Apr-25,205036,8,1.9,2.7,1.2,1.2
MAD,1043,07-Apr-25,34310,17.6,1.3,2.4,0.6,2.6
BCN,1044,07-Apr-25,74118,8.5,3.7,4,2.9,1.3
BCN,1045,07-Apr-25,259875,21.9,1.5,3,1,2.3
BCN,1046,07-Apr-25,65231,19.9,2.2,3.7,1.7,2.5
BCN,1047,07-Apr-25,66944,17.2,2.3,3.5,1.7,3
MAD,1048,06-Apr-25,34310,19.3,1.3,2.2,0.6,2.9
BCN,1049,06-Apr-25,259875,19.6,1.5,2.8,1,2.8
MAD,1050,06-Apr-25,205036,11.3,2.6,4.3,2.5,3.3
BCN,1051,06-Apr-25,264652,0,0,0,0,0
BCN,1052,06-Apr-25,248266,22.9,2.1,3.5,1.5,3.1
BCN,1053,06-Apr-25,264651,11.9,1,2.9,0.5,2.1
MAD,1054,06-Apr-25,105408,19.6,2.8,3.7,2.7,3.1
BCN,1055,06-Apr-25,74118,0,0,0,0,0
BCN,1056,06-Apr-25,65231,19.3,2.3,3.5,1.7,2.9
MAD,1057,06-Apr-25,61499,12.1,2.6,3.6,2.4,3.1
MAD,1058,06-Apr-25,46515,16.6,1.5,2.6,0.8,2.6
MAD,1059,06-Apr-25,74119,5,1.6,3.2,0.8,3.2
BCN,1060,06-Apr-25,66944,13.2,3.5,4.5,2.8,2
BCN,1061,05-Apr-25,66944,13.7,3.4,4.7,2.9,2.8
BCN,1062,05-Apr-25,264652,0,0,0,0,0
MAD,1063,05-Apr-25,205036,11.9,3.2,5,3.3,3.2
BCN,1064,05-Apr-25,264651,19.7,2.5,4,1.8,2.6
MAD,1065,05-Apr-25,105408,18,2.7,3.3,2.5,3.3
BCN,1066,05-Apr-25,65231,22.1,2.4,3.9,1.9,2.7
BCN,1067,05-Apr-25,74118,9.4,2.9,4,2.4,2
MAD,1068,05-Apr-25,46515,18.4,1.5,2.6,0.8,3.2
BCN,1069,05-Apr-25,248266,22.7,1.6,3.3,1.1,2.9
MAD,1070,05-Apr-25,34310,15.1,1.3,2.3,0.8,3.2
MAD,1071,05-Apr-25,61499,6.9,2.7,4,2.4,2.3
BCN,1072,05-Apr-25,259875,22.3,1.6,3,1,2.1
BCN,1073,04-Apr-25,66944,14.7,3.3,4.3,2.9,1.4
MAD,1074,04-Apr-25,34310,22.8,1.3,2.3,0.5,3.3
MAD,1075,04-Apr-25,74119,8.1,1.5,2.8,1,1.6
MAD,1076,04-Apr-25,46515,19.2,1.6,2.7,0.9,2.5
BCN,1077,04-Apr-25,264651,14.9,1.2,3.6,0.8,2.7
BCN,1078,04-Apr-25,248266,17.1,1.4,3,0.9,1.7
BCN,1079,04-Apr-25,65231,21.9,2.6,5.8,2,2.6
BCN,1080,04-Apr-25,74118,13.1,2.1,3.8,1.6,2.7
MAD,1081,04-Apr-25,105408,25,2.8,3.9,2.7,3.3
BCN,1082,04-Apr-25,259875,22.1,1.4,3.1,0.9,2.4
MAD,1083,04-Apr-25,61499,14.7,2.3,3.3,1.9,3.5
MAD,1084,04-Apr-25,205036,12.7,2.9,5.3,3,2.4
BCN,1085,03-Apr-25,74118,11.3,2.6,5.5,2,4.8
BCN,1086,03-Apr-25,65231,23.4,2.4,5.6,1.8,2.4
MAD,1087,03-Apr-25,205036,16.5,3.9,6,4.5,5.6
MAD,1088,03-Apr-25,105408,20.5,3,4.1,3,3.2
MAD,1089,03-Apr-25,46515,22.7,1.6,3,0.9,2.6
BCN,1090,03-Apr-25,264651,17.6,1.4,3.5,0.9,3.1
MAD,1091,03-Apr-25,74119,8.3,1.5,3,0.8,2.9
MAD,1092,03-Apr-25,34310,18.6,1.3,2.5,0.6,2.1
BCN,1093,03-Apr-25,259875,17.7,1.5,3.3,1,2.2
BCN,1094,03-Apr-25,66944,19.3,2.9,4.2,2.5,3.4
MAD,1095,03-Apr-25,61499,16,2.5,4.1,2.2,3.4
BCN,1096,03-Apr-25,248266,27.5,2.4,3.5,1.8,3.6
BCN,1097,02-Apr-25,264652,15.7,1.9,4,1.3,4.8
BCN,1098,02-Apr-25,248266,27.5,1.8,4,1.2,2.3
MAD,1099,02-Apr-25,74119,9.8,2,4,1.6,2.8
MAD,1100,02-Apr-25,46515,20,1.5,3.3,0.9,2.9
MAD,1101,02-Apr-25,205036,10,2.9,4.5,2.5,2.7
MAD,1102,02-Apr-25,34310,18.6,1.3,3.4,0.6,2.4
BCN,1103,02-Apr-25,66944,19.4,1.8,3.1,1.3,1.8
BCN,1104,02-Apr-25,74118,16.6,2.9,4.3,2.4,6.1
MAD,1105,02-Apr-25,105408,26.7,2.8,5,2.8,2.9
BCN,1106,02-Apr-25,65231,21.7,2.5,5.3,2,2.5
MAD,1107,02-Apr-25,61499,16.5,2.3,4.1,1.9,4.2
BCN,1108,02-Apr-25,259875,16,1.5,3.2,1,2.6
MAD,1109,01-Apr-25,205036,9.8,2.7,4.1,2.3,3.6
BCN,1110,01-Apr-25,264652,0,0,0,0,0
MAD,1111,01-Apr-25,61499,18.1,2.6,4.1,2.6,3
MAD,1112,01-Apr-25,105408,20.1,2.8,4,2.8,2.8
BCN,1113,01-Apr-25,248266,21.3,2.1,3.7,1.5,3.2
BCN,1114,01-Apr-25,74118,8.5,2.9,3.5,2.2,6.3
BCN,1115,01-Apr-25,65231,22,2.2,4.2,1.6,2.4
MAD,1116,01-Apr-25,34310,25.9,1.2,2.4,0.4,3.6
MAD,1117,01-Apr-25,46515,23.7,1.5,2.6,0.8,2.6
BCN,1118,01-Apr-25,66944,16.9,2.5,3.7,1.9,5.7
BCN,1119,01-Apr-25,259875,18.9,1.4,3,0.9,2.1
